kategori_kodu;ust_kategori_kodu;ad;slug;sira;seo_baslik;seo_aciklama;ozellik_1_anahtar;ozellik_1_etiket;ozellik_1_tip;ozellik_1_birim;ozellik_1_secenekler;ozellik_2_anahtar;ozellik_2_etiket;ozellik_2_tip;ozellik_2_birim;ozellik_2_secenekler;ozellik_3_anahtar;ozellik_3_etiket;ozellik_3_tip;ozellik_3_birim;ozellik_3_secenekler;ozellik_4_anahtar;ozellik_4_etiket;ozellik_4_tip;ozellik_4_birim;ozellik_4_secenekler
FILTRELER;;Filtreler;filtreler;10;Filtreler | Oto Center Market;Araç filtrelerinin tamamı: hava, yağ, yakıt, polen ve daha fazlası.;;;;;;;;;;;;;;;;;;;;
HAVA_FILTRESI;FILTRELER;Hava Filtreleri;hava-filtreleri;11;Hava Filtresi Modelleri ve Fiyatları;Aracınıza uygun hava filtresini marka ve model seçerek bulun.;yukseklik_mm;Yükseklik;SAYI;mm;;dis_cap_mm;Dış Çap;SAYI;mm;;ic_cap_mm;İç Çap;SAYI;mm;;filtre_tipi;Filtre Tipi;SECENEK;;Panel|Silindirik|Güvenlik
YAG_FILTRESI;FILTRELER;Yağ Filtreleri;yag-filtreleri;12;Yağ Filtresi Modelleri ve Fiyatları;Motor yağ filtreleri, kartuş ve vidalı tipler.;yukseklik_mm;Yükseklik;SAYI;mm;;dis_cap_mm;Dış Çap;SAYI;mm;;dis_olcusu;Diş Ölçüsü;METIN;;;bypass_valfi;Bypass Valfi;EVET_HAYIR;;
YAKIT_FILTRESI;FILTRELER;Yakıt Filtreleri;yakit-filtreleri;13;Yakıt Filtresi Modelleri;Dizel ve benzinli araçlar için yakıt filtreleri.;yukseklik_mm;Yükseklik;SAYI;mm;;dis_cap_mm;Dış Çap;SAYI;mm;;su_ayirici;Su Ayırıcı;EVET_HAYIR;;;filtre_tipi;Filtre Tipi;SECENEK;;Hat Tipi|Kartuş|Separatör
POLEN_FILTRESI;FILTRELER;Polen / Kabin Filtreleri;polen-kabin-filtreleri;14;Polen Filtresi Modelleri;Standart, aktif karbonlu ve antibakteriyel kabin filtreleri.;uzunluk_mm;Uzunluk;SAYI;mm;;genislik_mm;Genişlik;SAYI;mm;;yukseklik_mm;Yükseklik;SAYI;mm;;filtre_tipi;Filtre Tipi;SECENEK;;Partikül|Aktif Karbon|Antibakteriyel
SANZIMAN_FILTRESI;FILTRELER;Şanzıman Filtreleri;sanziman-filtreleri;15;Şanzıman Filtreleri;Otomatik şanzıman filtre ve conta setleri.;;;;;;;;;;;;;;;;;;;;
HIDROLIK_FILTRE;FILTRELER;Hidrolik Filtreler;hidrolik-filtreler;16;Hidrolik Filtreler;İş makinesi ve ağır vasıta hidrolik filtreleri.;;;;;;;;;;;;;;;;;;;;
KURUTUCU_FILTRE;FILTRELER;Kurutucu Filtreler;kurutucu-filtreler;17;Hava Kurutucu Filtreler;Ağır vasıta hava kurutucu filtreleri.;;;;;;;;;;;;;;;;;;;;
ADBLUE_FILTRE;FILTRELER;AdBlue Filtreleri;adblue-filtreleri;18;AdBlue Filtreleri;SCR sistemleri için AdBlue filtreleri.;;;;;;;;;;;;;;;;;;;;
YAGLAR;;Yağlar & Sıvılar;yaglar-sivilar;20;Motor Yağları ve Araç Sıvıları;Motor yağı, şanzıman yağı, antifriz ve fren hidroliği.;;;;;;;;;;;;;;;;;;;;
MOTOR_YAGI;YAGLAR;Motor Yağları;motor-yaglari;21;Motor Yağı Fiyatları ve Modelleri;Aracınıza uygun viskozite ve spesifikasyonda motor yağı.;viskozite;Viskozite;SECENEK;;0W-20|0W-30|5W-30|5W-40|10W-40|15W-40;acea;ACEA;METIN;;;api;API;METIN;;;yag_tipi;Yağ Tipi;SECENEK;;Tam Sentetik|Yarı Sentetik|Mineral
SANZIMAN_YAGI;YAGLAR;Şanzıman Yağları;sanziman-yaglari;22;Şanzıman Yağları;Manuel, otomatik, CVT ve DCT şanzıman yağları.;viskozite;Viskozite;METIN;;;spesifikasyon;Spesifikasyon;METIN;;;;;;;;;;;;
ANTIFRIZ;YAGLAR;Antifriz & Soğutma Sıvıları;antifriz;23;Antifriz Çeşitleri;G11, G12, G12++ ve G13 antifriz seçenekleri.;renk;Renk;METIN;;;spesifikasyon;Spesifikasyon;SECENEK;;G11|G12|G12+|G12++|G13;konsantre;Konsantre;EVET_HAYIR;;;;;;;
FREN_HIDROLIGI;YAGLAR;Fren Hidroliği;fren-hidroligi;24;Fren Hidroliği;DOT 3, DOT 4 ve DOT 5.1 fren hidrolikleri.;spesifikasyon;Spesifikasyon;SECENEK;;DOT 3|DOT 4|DOT 5.1;;;;;;;;;;;;;;;
