arac_tipi;arac_markasi;model;model_kodu;model_yil_baslangic;model_yil_bitis;kasa_tipi;nesil;nesil_kodu;motor_adi;motor_kodu;hacim_cc;guc_kw;guc_hp;yakit;silindir;motor_yil_baslangic;motor_yil_bitis
OTOMOBIL;AUDI;A1 (GB);GB;2018;;Hatchback;A1 II;GB;30 TFSI 1.0;CHZB;999;81;110;BENZIN;3;2018;2024
OTOMOBIL;AUDI;A1 (GB);GB;2018;;Hatchback;A1 II;GB;25 TFSI 1.0;DKRF;999;70;95;BENZIN;3;2018;2024
OTOMOBIL;AUDI;A1 (GB);GB;2018;;Hatchback;A1 II;GB;40 TFSI 2.0;DADA;1984;152;207;BENZIN;4;2019;2024
OTOMOBIL;AUDI;A3 (8Y);8Y;2020;;Hatchback;A3 IV;8Y;35 TFSI 1.5;DLAA;1498;110;150;BENZIN;4;2020;2025
OTOMOBIL;AUDI;A3 (8Y);8Y;2020;;Hatchback;A3 IV;8Y;30 TDI 2.0;DTTA;1968;85;116;DIZEL;4;2020;2025
OTOMOBIL;VOLKSWAGEN;POLO VI (AW);AW;2017;;Hatchback;Polo VI;AW;1.0 TSI;CHZB;999;81;110;BENZIN;3;2017;2023
OTOMOBIL;VOLKSWAGEN;POLO VI (AW);AW;2017;;Hatchback;Polo VI;AW;1.0 MPI;CHYB;999;48;65;BENZIN;3;2017;2021
OTOMOBIL;VOLKSWAGEN;GOLF VIII (CD);CD;2019;;Hatchback;Golf VIII;CD;1.5 TSI;DLAA;1498;110;150;BENZIN;4;2019;2025
OTOMOBIL;VOLKSWAGEN;GOLF VIII (CD);CD;2019;;Hatchback;Golf VIII;CD;2.0 TDI;DTTB;1968;110;150;DIZEL;4;2019;2025
OTOMOBIL;SEAT;IBIZA V (KJ);KJ;2017;;Hatchback;Ibiza V;KJ;1.0 TSI;CHZB;999;81;110;BENZIN;3;2017;2024
OTOMOBIL;SKODA;FABIA IV (PJ);PJ;2021;;Hatchback;Fabia IV;PJ;1.0 TSI;DKRF;999;70;95;BENZIN;3;2021;2025
OTOMOBIL;FORD;FOCUS IV (HN);HN;2018;;Hatchback;Focus IV;HN;1.5 EcoBoost;M8DA;1497;110;150;BENZIN;3;2018;2025
OTOMOBIL;FORD;FOCUS IV (HN);HN;2018;;Hatchback;Focus IV;HN;1.5 EcoBlue;XWDA;1499;88;120;DIZEL;4;2018;2025
OTOMOBIL;RENAULT;CLIO V (BJA);BJA;2019;;Hatchback;Clio V;BJA;1.0 TCe;H4D;999;67;91;BENZIN;3;2019;2025
HAFIF_TICARI;FORD;TRANSIT CUSTOM;V362;2016;;Panelvan;Transit Custom I;V362;2.0 EcoBlue;YMF6;1995;96;130;DIZEL;4;2016;2023
HAFIF_TICARI;MERCEDES-BENZ;SPRINTER (907);907;2018;;Panelvan;Sprinter III;907;314 CDI;OM651;2143;105;143;DIZEL;4;2018;2025
AGIR_VASITA;MERCEDES-BENZ;ACTROS MP4;MP4;2011;2018;Çekici;Actros MP4;MP4;1845 LS;OM471;12809;330;449;DIZEL;6;2011;2018
AGIR_VASITA;MAN;TGX;TGX;2012;2020;Çekici;TGX I;TGX;18.500;D2676;12419;368;500;DIZEL;6;2012;2020
