sku;urun_adi;marka;kategori_kodu;urun_kodu;slug;kisa_aciklama;durum;one_cikan;gorsel_1;seo_baslik;seo_aciklama;spec_yukseklik_mm;spec_dis_cap_mm;spec_ic_cap_mm;spec_uzunluk_mm;spec_genislik_mm;spec_filtre_tipi;spec_dis_olcusu;spec_bypass_valfi;spec_su_ayirici;spec_viskozite;spec_acea;spec_api;spec_yag_tipi;spec_spesifikasyon;spec_renk
MANN-C35154;Hava Filtresi;MANN-FILTER;HAVA_FILTRESI;C 35 154;mann-c-35-154;Panel tip hava filtresi, yüksek filtreleme verimi.;AKTIF;EVET;;MANN-FILTER C 35 154 Hava Filtresi;MANN-FILTER C 35 154 hava filtresi fiyatı ve uyumlu araç listesi.;58;237;177;;;Panel;;;;;;;;;
MANN-W71241;Yağ Filtresi;MANN-FILTER;YAG_FILTRESI;W 712/41;mann-w-712-41;Vidalı (spin-on) tip yağ filtresi.;AKTIF;HAYIR;;MANN-FILTER W 712/41 Yağ Filtresi;MANN-FILTER W 712/41 yağ filtresi fiyatı ve uyumluluk bilgisi.;79;76;;;;;3/4-16 UNF;EVET;;;;;;;
MANN-CU29001;Polen Filtresi;MANN-FILTER;POLEN_FILTRESI;CU 29 001;mann-cu-29-001;Standart partikül kabin filtresi.;AKTIF;HAYIR;;MANN-FILTER CU 29 001 Polen Filtresi;MANN-FILTER CU 29 001 kabin filtresi fiyatı ve uyumlu araçlar.;32;;;289;204;Partikül;;;;;;;;;
FILTRON-AP1822;Hava Filtresi;FILTRON;HAVA_FILTRESI;AP 182/2;filtron-ap-182-2;Panel tip hava filtresi.;AKTIF;EVET;;FILTRON AP 182/2 Hava Filtresi;FILTRON AP 182/2 hava filtresi fiyatı ve uyumluluk listesi.;58;237;177;;;Panel;;;;;;;;;
FILTRON-OP5701;Yağ Filtresi;FILTRON;YAG_FILTRESI;OP 570/1;filtron-op-570-1;Vidalı tip yağ filtresi.;AKTIF;EVET;;FILTRON OP 570/1 Yağ Filtresi;FILTRON OP 570/1 yağ filtresi fiyatı ve uyumlu araçlar.;79;76;;;;;3/4-16 UNF;EVET;;;;;;;
FILTRON-K1152A;Polen Filtresi Aktif Karbonlu;FILTRON;POLEN_FILTRESI;K 1152A;filtron-k-1152a;Aktif karbonlu kabin filtresi, koku ve gaz tutar.;AKTIF;HAYIR;;FILTRON K 1152A Aktif Karbonlu Polen Filtresi;FILTRON K 1152A aktif karbonlu kabin filtresi fiyatı.;32;;;289;204;Aktif Karbon;;;;;;;;;
BOSCH-F026400220;Hava Filtresi;BOSCH;HAVA_FILTRESI;F 026 400 220;bosch-f-026-400-220;Panel tip hava filtresi.;AKTIF;HAYIR;;BOSCH F 026 400 220 Hava Filtresi;BOSCH F 026 400 220 hava filtresi fiyatı ve uyumluluğu.;58;237;177;;;Panel;;;;;;;;;
BOSCH-F026407160;Yağ Filtresi;BOSCH;YAG_FILTRESI;F 026 407 160;bosch-f-026-407-160;Vidalı tip yağ filtresi.;AKTIF;HAYIR;;BOSCH F 026 407 160 Yağ Filtresi;BOSCH F 026 407 160 yağ filtresi fiyatı ve uyumlu araçlar.;79;76;;;;;3/4-16 UNF;EVET;;;;;;;
MAHLE-LX3005;Hava Filtresi;MAHLE;HAVA_FILTRESI;LX 3005;mahle-lx-3005;Panel tip hava filtresi.;AKTIF;HAYIR;;MAHLE LX 3005 Hava Filtresi;MAHLE LX 3005 hava filtresi fiyatı ve uyumluluk bilgisi.;58;237;177;;;Panel;;;;;;;;;
MAHLE-KL145;Yakıt Filtresi;MAHLE;YAKIT_FILTRESI;KL 145;mahle-kl-145;Dizel yakıt filtresi, su ayırıcılı.;AKTIF;HAYIR;;MAHLE KL 145 Yakıt Filtresi;MAHLE KL 145 dizel yakıt filtresi fiyatı ve uyumlu araçlar.;142;80;;;;Hat Tipi;;;EVET;;;;;;
LIQUIMOLY-3707;Top Tec 4200 5W-30 Motor Yağı;LIQUI MOLY;MOTOR_YAGI;3707;liqui-moly-top-tec-4200-5w-30;Tam sentetik, uzun ömürlü motor yağı.;AKTIF;EVET;;LIQUI MOLY Top Tec 4200 5W-30 Motor Yağı;LIQUI MOLY Top Tec 4200 5W-30 tam sentetik motor yağı fiyatı.;;;;;;;;;;5W-30;C3;SN;Tam Sentetik;;
PURFLUX-A1382;Hava Filtresi;PURFLUX;HAVA_FILTRESI;A 1382;purflux-a-1382;Panel tip hava filtresi.;AKTIF;HAYIR;;PURFLUX A 1382 Hava Filtresi;PURFLUX A 1382 hava filtresi fiyatı ve uyumlu araç listesi.;62;245;182;;;Panel;;;;;;;;;
