sku;varyant_sku;varyant_adi;ambalaj_miktari;birim;barkod;fiyat_net;kdv_orani;liste_fiyati;para_birimi;stok;depo_kodu;tedarik_suresi_gun;agirlik_gr;musteri_grubu
MANN-C35154;;;1;ADET;4011558037253;1041,58;20;1499,90;TRY;12;MERKEZ;;210;RETAIL
MANN-W71241;;;1;ADET;4011558741204;374,92;20;;TRY;34;MERKEZ;;180;RETAIL
MANN-CU29001;;;1;ADET;4011558029005;291,58;20;;TRY;21;MERKEZ;;160;RETAIL
FILTRON-AP1822;;;1;ADET;5904608001825;708,25;20;899,90;TRY;48;MERKEZ;;205;RETAIL
FILTRON-OP5701;;;1;ADET;5904608005701;241,58;20;;TRY;63;MERKEZ;;175;RETAIL
FILTRON-K1152A;;;1;ADET;5904608011527;333,25;20;;TRY;0;MERKEZ;5;165;RETAIL
BOSCH-F026400220;;;1;ADET;3165143678220;824,92;20;;TRY;7;MERKEZ;;208;RETAIL
BOSCH-F026407160;;;1;ADET;3165143707160;299,92;20;;TRY;29;MERKEZ;;178;RETAIL
MAHLE-LX3005;;;1;ADET;4009026634059;758,25;20;;TRY;15;MERKEZ;;206;RETAIL
MAHLE-KL145;;;1;ADET;4009026145005;508,25;20;;TRY;11;MERKEZ;;340;RETAIL
LIQUIMOLY-3707;LIQUIMOLY-3707-1L;1 L;1;LT;4100420037078;374,92;20;;TRY;52;MERKEZ;;950;RETAIL
LIQUIMOLY-3707;LIQUIMOLY-3707-4L;4 L;4;LT;4100420037061;1416,58;20;1799,90;TRY;24;MERKEZ;;3800;RETAIL
LIQUIMOLY-3707;LIQUIMOLY-3707-5L;5 L;5;LT;4100420037085;1741,58;20;2199,90;TRY;18;MERKEZ;;4750;RETAIL
LIQUIMOLY-3707;LIQUIMOLY-3707-20L;20 L;20;LT;4100420037092;6583,25;20;;TRY;3;MERKEZ;7;18900;RETAIL
PURFLUX-A1382;;;1;ADET;3286061382019;666,58;20;;TRY;9;MERKEZ;;215;RETAIL
