sku;tip;marka;numara;not
MANN-C35154;OEM;VW;04E 129 620 A;
MANN-C35154;OEM;VW;04E 129 620 B;
MANN-C35154;OEM;AUDI;04E 129 620 C;
MANN-C35154;OEM;SEAT;04E 129 620 D;
MANN-C35154;OEM;SKODA;04E 129 620 E;
MANN-C35154;CROSS_EQUIVALENT;FILTRON;AP 182/2;muadil
MANN-C35154;CROSS_EQUIVALENT;BOSCH;F 026 400 220;muadil
MANN-C35154;CROSS_EQUIVALENT;MAHLE;LX 3005;muadil
MANN-C35154;CROSS_REPLACES;MANN-FILTER;C 35 154/1;eski kod
FILTRON-AP1822;OEM;VW;04E 129 620 A;
FILTRON-AP1822;OEM;AUDI;04E 129 620 C;
FILTRON-AP1822;CROSS_EQUIVALENT;MANN-FILTER;C 35 154;muadil
FILTRON-AP1822;CROSS_EQUIVALENT;BOSCH;F 026 400 220;muadil
BOSCH-F026400220;OEM;VW;04E 129 620 A;
BOSCH-F026400220;CROSS_EQUIVALENT;MANN-FILTER;C 35 154;muadil
BOSCH-F026400220;CROSS_EQUIVALENT;FILTRON;AP 182/2;muadil
MAHLE-LX3005;OEM;VW;04E 129 620 A;
MAHLE-LX3005;CROSS_EQUIVALENT;MANN-FILTER;C 35 154;muadil
MANN-W71241;OEM;VW;03C 115 561 H;
MANN-W71241;OEM;AUDI;03C 115 561 J;
MANN-W71241;CROSS_EQUIVALENT;FILTRON;OP 570/1;muadil
MANN-W71241;CROSS_EQUIVALENT;BOSCH;F 026 407 160;muadil
FILTRON-OP5701;OEM;VW;03C 115 561 H;
FILTRON-OP5701;CROSS_EQUIVALENT;MANN-FILTER;W 712/41;muadil
BOSCH-F026407160;OEM;VW;03C 115 561 H;
BOSCH-F026407160;CROSS_EQUIVALENT;MANN-FILTER;W 712/41;muadil
MANN-CU29001;OEM;VW;2G0 819 669;
MANN-CU29001;OEM;AUDI;82A 819 429;
MANN-CU29001;CROSS_EQUIVALENT;FILTRON;K 1152;muadil
FILTRON-K1152A;OEM;VW;2G0 819 669 B;
FILTRON-K1152A;CROSS_EQUIVALENT;MANN-FILTER;CUK 29 001;aktif karbonlu muadil
MAHLE-KL145;OEM;MERCEDES-BENZ;A 642 090 05 52;
MAHLE-KL145;CROSS_EQUIVALENT;MANN-FILTER;WK 842/23;muadil
PURFLUX-A1382;OEM;FORD;JX6J 9601 AA;
