sku;uyumluluk_tipi;arac_tipi;arac_markasi;model;motor_kodu;motor_adi;hacim_cc;guc_hp;yil_baslangic;yil_bitis;kisit_notu;not
MANN-C35154;UYUMLU;OTOMOBIL;AUDI;A1 (GB);CHZB;30 TFSI 1.0;999;110;2018;2024;;
MANN-C35154;UYUMLU;OTOMOBIL;AUDI;A1 (GB);DKRF;25 TFSI 1.0;999;95;2018;2024;;
MANN-C35154;UYUMSUZ;OTOMOBIL;AUDI;A1 (GB);DADA;40 TFSI 2.0;1984;207;2019;2024;;farklı gövde ölçüsü
MANN-C35154;UYUMLU;OTOMOBIL;VOLKSWAGEN;POLO VI (AW);CHZB;1.0 TSI;999;110;2017;2023;;
MANN-C35154;UYUMLU;OTOMOBIL;VOLKSWAGEN;POLO VI (AW);CHYB;1.0 MPI;999;65;2017;2021;;
MANN-C35154;UYUMLU;OTOMOBIL;SEAT;IBIZA V (KJ);CHZB;1.0 TSI;999;110;2017;2024;;
MANN-C35154;UYUMLU;OTOMOBIL;SKODA;FABIA IV (PJ);DKRF;1.0 TSI;999;95;2021;2025;Klimalı araçlar için;
FILTRON-AP1822;UYUMLU;OTOMOBIL;AUDI;A1 (GB);TUM_MOTORLAR;;;;;;;toplu genişletme örneği
FILTRON-AP1822;UYUMLU;OTOMOBIL;VOLKSWAGEN;POLO VI (AW);CHZB;1.0 TSI;999;110;2017;2023;;
FILTRON-AP1822;UYUMLU;OTOMOBIL;SEAT;IBIZA V (KJ);CHZB;1.0 TSI;999;110;2017;2024;;
BOSCH-F026400220;UYUMLU;OTOMOBIL;AUDI;A1 (GB);CHZB;30 TFSI 1.0;999;110;2018;2024;;
BOSCH-F026400220;UYUMLU;OTOMOBIL;VOLKSWAGEN;POLO VI (AW);CHZB;1.0 TSI;999;110;2017;2023;;
BOSCH-F026400220;UYUMLU;OTOMOBIL;SKODA;FABIA IV (PJ);DKRF;1.0 TSI;999;95;2021;2025;;
MAHLE-LX3005;UYUMLU;OTOMOBIL;AUDI;A1 (GB);CHZB;30 TFSI 1.0;999;110;2018;2024;;
MAHLE-LX3005;UYUMLU;OTOMOBIL;SEAT;IBIZA V (KJ);CHZB;1.0 TSI;999;110;2017;2024;;
PURFLUX-A1382;UYUMLU;OTOMOBIL;FORD;FOCUS IV (HN);M8DA;1.5 EcoBoost;1497;150;2018;2025;;
PURFLUX-A1382;UYUMLU;OTOMOBIL;FORD;FOCUS IV (HN);XWDA;1.5 EcoBlue;1499;120;2018;2025;;
PURFLUX-A1382;UYUMLU;HAFIF_TICARI;FORD;TRANSIT CUSTOM;YMF6;2.0 EcoBlue;1995;130;2016;2023;;
MANN-W71241;UYUMLU;OTOMOBIL;AUDI;A1 (GB);CHZB;30 TFSI 1.0;999;110;2018;2024;;
MANN-W71241;UYUMLU;OTOMOBIL;AUDI;A1 (GB);DKRF;25 TFSI 1.0;999;95;2018;2024;;
MANN-W71241;UYUMLU;OTOMOBIL;AUDI;A3 (8Y);DLAA;35 TFSI 1.5;1498;150;2020;2025;;
MANN-W71241;UYUMLU;OTOMOBIL;VOLKSWAGEN;POLO VI (AW);CHZB;1.0 TSI;999;110;2017;2023;;
MANN-W71241;UYUMLU;OTOMOBIL;VOLKSWAGEN;GOLF VIII (CD);DLAA;1.5 TSI;1498;150;2019;2025;;
MANN-W71241;UYUMLU;OTOMOBIL;SEAT;IBIZA V (KJ);CHZB;1.0 TSI;999;110;2017;2024;;
MANN-W71241;UYUMLU;OTOMOBIL;SKODA;FABIA IV (PJ);DKRF;1.0 TSI;999;95;2021;2025;;
FILTRON-OP5701;UYUMLU;OTOMOBIL;AUDI;A1 (GB);CHZB;30 TFSI 1.0;999;110;2018;2024;;
FILTRON-OP5701;UYUMLU;OTOMOBIL;VOLKSWAGEN;POLO VI (AW);CHZB;1.0 TSI;999;110;2017;2023;;
FILTRON-OP5701;UYUMLU;OTOMOBIL;VOLKSWAGEN;GOLF VIII (CD);DLAA;1.5 TSI;1498;150;2019;2025;;
BOSCH-F026407160;UYUMLU;OTOMOBIL;AUDI;A1 (GB);CHZB;30 TFSI 1.0;999;110;2018;2024;;
BOSCH-F026407160;UYUMLU;OTOMOBIL;AUDI;A3 (8Y);DLAA;35 TFSI 1.5;1498;150;2020;2025;;
MANN-CU29001;UYUMLU;OTOMOBIL;AUDI;A1 (GB);CHZB;30 TFSI 1.0;999;110;2018;2024;;
MANN-CU29001;UYUMLU;OTOMOBIL;AUDI;A1 (GB);DKRF;25 TFSI 1.0;999;95;2018;2024;;
MANN-CU29001;UYUMLU;OTOMOBIL;AUDI;A1 (GB);DADA;40 TFSI 2.0;1984;207;2019;2024;;
MANN-CU29001;UYUMLU;OTOMOBIL;VOLKSWAGEN;POLO VI (AW);CHZB;1.0 TSI;999;110;2017;2023;;
FILTRON-K1152A;UYUMLU;OTOMOBIL;AUDI;A1 (GB);CHZB;30 TFSI 1.0;999;110;2018;2024;;
FILTRON-K1152A;UYUMLU;OTOMOBIL;SEAT;IBIZA V (KJ);CHZB;1.0 TSI;999;110;2017;2024;;
MAHLE-KL145;UYUMLU;HAFIF_TICARI;MERCEDES-BENZ;SPRINTER (907);OM651;314 CDI;2143;143;2018;2025;;
MAHLE-KL145;UYUMLU;OTOMOBIL;FORD;FOCUS IV (HN);XWDA;1.5 EcoBlue;1499;120;2018;2025;;
LIQUIMOLY-3707;UYUMLU;OTOMOBIL;AUDI;A1 (GB);CHZB;30 TFSI 1.0;999;110;2018;2024;;
LIQUIMOLY-3707;UYUMLU;OTOMOBIL;AUDI;A3 (8Y);DLAA;35 TFSI 1.5;1498;150;2020;2025;;
LIQUIMOLY-3707;UYUMLU;OTOMOBIL;VOLKSWAGEN;GOLF VIII (CD);DTTB;2.0 TDI;1968;150;2019;2025;VW 504 00/507 00 onayı gerekli;
